	mean	std
RMSE	2.9922679231001643	1.5912199000654839
pearsonr	0.6466337628817956	0.22550792694634061
