	mean	std
RMSE	567.564474167947	1376.8140389172565
pearsonr	0.3644522420634289	0.24448912282865468
