	mean	std
RMSE	2.993712736274883	1.415465805057962
pearsonr	0.6771220612856438	0.16991856969772312
