	mean	std
RMSE	567.8909514109456	1376.5789721610386
pearsonr	0.33997450097047793	0.24943247325134665
