	mean	std
RMSE	574.4867841433681	1373.791796168666
pearsonr	0.4368897374358234	0.255474905603506
