	mean	std
RMSE	243.27784962787035	336.55123175984613
pearsonr	0.3432556315551637	0.3928197034018162
