	mean	std
RMSE	565.9601719035433	1377.597913162294
pearsonr	0.40845921109905386	0.29281230093547156
