	mean	std
RMSE	224499388.5290064	593969301.0612113
pearsonr	0.5097806017012876	0.4611812761905198
