	mean	std
RMSE	561.945535784019	1379.3101376965767
pearsonr	0.5915373129165988	0.3180629756198096
