	mean	std
RMSE	3.0360383997657707	1.2832037937918135
pearsonr	0.6382697095846654	0.22069258702286704
