	mean	std
RMSE	87.59452819824219	102.70537567138672
pearsonr	0.44153095665951037	0.5178816312866249
