	mean	std
RMSE	562.2503662109375	1379.1502685546875
pearsonr	0.4902353360551598	0.2918588863952155
