	mean	std
RMSE	3.0825647107142173	1.2997741844516906
pearsonr	0.6258809772761538	0.2210220686247831
