	mean	std
RMSE	2428.765931526418	6176.492911241843
pearsonr	0.4337877480046654	0.47880601867174205
