	mean	std
RMSE	1333.5645924547487	3279.064572455942
pearsonr	0.9639152284643939	0.03823156773174312
