	mean	std
RMSE	101.41878509521484	105.11976623535156
pearsonr	0.44292952954176756	0.5049482162465698
