	mean	std
RMSE	563.4821100355663	1378.6145073327223
pearsonr	0.5182372130198728	0.2714794639912004
