{
  "regressor__regressor__C": 7.295573382345877,
  "regressor__regressor__epsilon": 0.007955280129401865,
  "regressor__regressor__gamma": 0.00038679516669236575,
  "regressor__regressor__kernel": "rbf"
}