	mean	std
RMSE	3.0957016944885254	1.4371681213378906
pearsonr	0.6335283735564926	0.1876047100671674
