	mean	std
RMSE	564.1849752489893	1378.4621219621179
pearsonr	0.4067775316923962	0.3623818302612642
