	mean	std
RMSE	563.3992919921875	1378.290283203125
pearsonr	0.3737712627189693	0.20600786195914458
