	mean	std
RMSE	585.2237636550046	1369.3865744081083
pearsonr	0.27016219486942955	0.24304989564887083
