	mean	std
RMSE	570.6382116742873	1375.4246514693057
pearsonr	0.40805105116119045	0.22484102949151333
