	mean	std
RMSE	662.7455477069544	1369.1851291735818
pearsonr	0.39857394552237757	0.3394436906800245
