	mean	std
RMSE	3.6117205729762403	1.4492762587484893
pearsonr	0.5193790770794494	0.2579694020423708
