	mean	std
RMSE	87.62642503274046	104.87078623571124
pearsonr	0.07744073915763205	0.11397776060334233
