	mean	std
RMSE	566.4207983276591	1377.3843723961313
pearsonr	0.46675962805283483	0.26592463044853465
