	mean	std
RMSE	2.800165610261963	1.6394055699318055
pearsonr	0.705019206147802	0.20790413105324035
