	mean	std
RMSE	108.05759464223998	109.02509927328215
pearsonr	0.4355025244094283	0.48559872422778905
