	mean	std
RMSE	87.63365660011564	103.95483516809006
pearsonr	0.4741534527119603	0.4948562547479159
