	mean	std
RMSE	562.2607183922504	1378.7931390210113
pearsonr	0.5625180534592914	0.27465449751969784
