	mean	std
RMSE	661.580484992862	1369.6547596243358
pearsonr	0.41185363430347605	0.31712127262882817
