	mean	std
RMSE	562.3260677938438	1378.9123865434224
pearsonr	0.49053797297119284	0.2949796142814686
