	mean	std
RMSE	37727.808605941194	81877.96366701325
pearsonr	0.33523558281615573	0.33010370729621086
