{
  "regressor__regressor__alpha": 0.8139126286884011,
  "regressor__regressor__l1_ratio": 0.002197087570881378,
  "regressor__selector__estimator__n_clusters": 495
}