	mean	std
RMSE	661.920914100207	1369.6447821912043
pearsonr	0.3932958249013945	0.30855489995757396
