	mean	std
RMSE	599.4879493658235	1363.9704192166778
pearsonr	0.36025562003879735	0.2919710516748767
