	mean	std
RMSE	3.051426969035051	1.4535311263074737
pearsonr	0.6392148490717473	0.19828097612517318
