{
  "regressor__regressor__alpha": 0.5636485685665003,
  "regressor__regressor__l1_ratio": 0.0011845635270101222
}