	mean	std
RMSE	626.7922349793968	1346.3065457419593
pearsonr	0.2799918897950162	0.15089782737669474
