	mean	std
RMSE	569.1686901876238	1376.1062606629157
pearsonr	0.4234062263482309	0.2743451952872415
