	mean	std
RMSE	3934.1634374951855	8574.292727205302
pearsonr	0.6059777026071357	0.5572316768503938
