	mean	std
RMSE	561.7204591181165	1379.0209948954368
pearsonr	0.5967228557364811	0.2667526366673262
