	mean	std
RMSE	94.10114288330078	102.7361831665039
pearsonr	0.2477464536654957	0.36079750814525174
