	mean	std
RMSE	566.0988318590722	1377.2641293146146
pearsonr	0.34468148607197574	0.25276100075958674
