{
  "RMSE": 0.3361137210218425,
  "pearsonr": 0.7090502368037511
}