	mean	std
RMSE	637.1301244550908	1352.684336143104
pearsonr	0.35666211649654084	0.30758086467319823
