{
  "regressor__regressor__alpha": 0.0885755294748095,
  "regressor__regressor__l1_ratio": 0.0024624095632445444
}