	mean	std
RMSE	3.183763265609741	1.3517229557037354
pearsonr	0.5958484788196621	0.1527141549986277
