	mean	std
RMSE	96.37794750950415	99.48631810210712
pearsonr	0.6386851615856474	0.49771581135791565
