	mean	std
RMSE	662.5973554466037	1369.4573531714168
pearsonr	0.436547321740432	0.3818610651398137
