	mean	std
RMSE	624.7103157500482	1366.7220770189617
pearsonr	0.3758398159688321	0.30228602796908144
