	mean	std
RMSE	1757.8635176052417	4402.273820518998
pearsonr	0.46482902054861314	0.47997897512930426
