	mean	std
RMSE	621.3028506610045	1348.403540906945
pearsonr	0.40612148463066905	0.3388000835030721
