	mean	std
RMSE	1926.0178931509952	4846.716411941782
pearsonr	0.44436942224033815	0.48287148294005894
