	mean	std
RMSE	670.646409104229	1331.0105560052946
pearsonr	0.05759511430500329	0.12646667281781368
