	mean	std
RMSE	628.5592145033354	1345.668679155931
pearsonr	0.33990820838446995	0.3639381828077622
