	mean	std
RMSE	3.116537818840669	1.4055557500319078
pearsonr	0.6207779783201646	0.177743781064741
