{
  "RMSE": 0.36444599472419553,
  "pearsonr": 0.8097340427171587
}