	mean	std
RMSE	1913.6409735155064	4814.219162034214
pearsonr	0.4585043059253548	0.4740307987867069
