	mean	std
RMSE	568.4041740739251	1376.2939313371144
pearsonr	0.3731699656741469	0.303623577039208
