	mean	std
RMSE	562.0416259765625	1379.177001953125
pearsonr	0.4654283783908033	0.27784503255212795
