{
  "RMSE": 0.32265139175746277,
  "pearsonr": 0.7308525891847062
}