	mean	std
RMSE	623.2070922851562	1347.73291015625
pearsonr	0.44379097490918895	0.26778121174492364
