	mean	std
RMSE	570.4740225916582	1375.4505370175914
pearsonr	0.3563645160747812	0.265793326417412
