	mean	std
RMSE	564.7646459166398	1378.219542609478
pearsonr	0.2591690014215475	0.31935692872584953
