	mean	std
RMSE	1864.9437619986572	3943.52041774979
pearsonr	0.35940642412806423	0.5048120901678939
