	mean	std
RMSE	98.06251525878906	104.43028259277344
pearsonr	0.8636357248540953	0.2305505925962459
