	mean	std
RMSE	80.65004857316994	107.43226288435672
pearsonr	0.9926438181093433	0.013648298785521911
