	mean	std
RMSE	2.873790005485153	1.4809201878464788
pearsonr	0.6817449226870799	0.1873243452037549
