	mean	std
RMSE	91.08965492389912	103.06160927062383
pearsonr	0.4161082032373477	0.502224684230896
