	mean	std
RMSE	563.1233289106918	1378.7589697322633
pearsonr	0.554768209244041	0.30591704557479305
