	mean	std
RMSE	3.1342577934265137	1.3982770442962646
pearsonr	0.6115080972744382	0.16668779729260008
