	mean	std
RMSE	85.35703342188495	86.5091735884219
pearsonr	0.9922545497748634	0.014856596254291905
