	mean	std
RMSE	616.5384803478825	1358.569815388177
pearsonr	0.3542417901921993	0.3039430308353493
