	mean	std
RMSE	3.091840159693763	1.3839518937137778
pearsonr	0.6341463937428459	0.16871850706669037
