{
  "regressor__regressor__alpha": 0.11195931301194734,
  "regressor__regressor__l1_ratio": 0.004283050497886854,
  "regressor__selector__estimator__n_clusters": 533
}