	mean	std
RMSE	3.109650689043888	1.4182574965849832
pearsonr	0.6278684034346967	0.1843855756039997
