	mean	std
RMSE	2.886532764757212	1.4525848525222658
pearsonr	0.6846758036178763	0.18461076175236865
