	mean	std
RMSE	605.8093805065275	1363.9035656885703
pearsonr	0.43522439325562357	0.26778630908444195
