{
  "regressor__regressor__alpha": 0.5177138549606727,
  "regressor__regressor__l1_ratio": 0.27950477066788787
}