	mean	std
RMSE	2.9596800642283805	1.4484036654871277
pearsonr	0.6642070916372205	0.18351036917139268
