{
  "RMSE": 0.36501314234768073,
  "pearsonr": 0.8140105342071127
}