	mean	std
RMSE	3.115172346987847	1.4231477306798337
pearsonr	0.6322171311285066	0.18663720658125932
