	mean	std
RMSE	1572.6490853170399	3913.55731113218
pearsonr	0.44570968023850516	0.5203028060031064
