	mean	std
RMSE	564.0924191960441	1378.415274039692
pearsonr	0.43362245896510476	0.2702652310227193
