	mean	std
RMSE	3.1477734999560267	1.1867289329782742
pearsonr	0.6422511321808402	0.21002142771670917
