	mean	std
RMSE	2118.7889424074037	5356.189948063135
pearsonr	0.39271936540762736	0.4209777360334086
