	mean	std
RMSE	573.3283586131421	1374.4120932266187
pearsonr	0.4143852134979266	0.27558483591843286
