	mean	std
RMSE	619.4755966272126	1347.6153410809022
pearsonr	0.44788908945771005	0.2672313868947788
