	mean	std
RMSE	563.4369248110728	1378.5851591157602
pearsonr	0.5470801270251648	0.2951564309438834
