	mean	std
RMSE	102.04406623205055	101.82272195764563
pearsonr	0.4195886294247792	0.5005512410162202
