	mean	std
RMSE	625.9957068779855	1346.198040456653
pearsonr	0.3623992970127423	0.1773931130126927
