	mean	std
RMSE	4222452.4393196665	11171304.657177163
pearsonr	0.26778561389489136	0.5123417904639723
