	mean	std
RMSE	87.62239166903814	104.86563209252373
pearsonr	0.19950138064216055	0.2639367274541546
