	mean	std
RMSE	599.8890155522533	1362.7438840956042
pearsonr	0.09617329608172757	0.139524471663718
