	mean	std
RMSE	91.05960301935451	104.03751448082046
pearsonr	0.6193307543901257	0.48785143998121633
