	mean	std
RMSE	3.0696781587869033	1.5763619407499236
pearsonr	0.609389541106933	0.2063097152567999
