	mean	std
RMSE	563.5208650781075	1378.519491062268
pearsonr	0.5377517290426355	0.294882486361609
