	mean	std
RMSE	3.049561882362249	1.4314928207176234
pearsonr	0.6611936469793074	0.1902345792527694
