	mean	std
RMSE	769.5360738835923	1390.6964998208616
pearsonr	0.3947636602482373	0.31823967569147044
