	mean	std
RMSE	564.8589477539062	1378.0706787109375
pearsonr	0.41793932530087624	0.2911750636225444
