	mean	std
RMSE	2708.981006500247	6917.80453110402
pearsonr	0.43277694720202653	0.48137907368419613
