	RMSE	pearsonr
0	80.20870156056596	0.3418392324933064
1	3145.9796788903745	-0.005394301973621648
2	25.828759704354063	0.2657323657970373
3	93.72471529266609	0.21530166237452156
4	37.112870701916236	0.8094631355565655
