	mean	std
RMSE	562.437701867613	1378.8671653219526
pearsonr	0.4067985835332734	0.2924239434846341
