	mean	std
RMSE	3.017349666092305	1.2747505487272126
pearsonr	0.6491035147846296	0.22059837716024755
