	mean	std
RMSE	563.9844248569044	1378.0490562918972
pearsonr	0.5130002374369068	0.306616812566672
