	mean	std
RMSE	3.0450041670031447	1.5254965694478286
pearsonr	0.6402424070517843	0.18546874201739497
