	mean	std
RMSE	90.14070892333984	102.58383178710938
pearsonr	0.3890854144411757	0.4266617428568035
