	mean	std
RMSE	625.6763966511047	1346.6699067610664
pearsonr	0.362630120541771	0.28604070976635465
