	mean	std
RMSE	3.057856267359355	1.4522411133106727
pearsonr	0.6356876907234323	0.2009216229167315
