	mean	std
RMSE	3.1148243263237396	1.3905866206050317
pearsonr	0.6220373156384827	0.17643016518603707
