	mean	std
RMSE	140.8834486236571	160.04535689953056
pearsonr	0.44074467082434926	0.4790882712171303
