	mean	std
RMSE	4157412.6123263063	10999225.548350587
pearsonr	0.2565296312570655	0.5242951822901748
