	mean	std
RMSE	89.16435102646733	103.02088636201
pearsonr	0.45999100423835243	0.5103768118555464
