	mean	std
RMSE	2.862034126171823	1.5019882083396612
pearsonr	0.6940023439789539	0.19314162241648078
