	mean	std
RMSE	621.6084376424408	1340.7884130006423
pearsonr	0.45773445221347103	0.2324166069769285
