	mean	std
RMSE	1909.4206941049738	4802.725999748807
pearsonr	0.46051670128256106	0.452922965132374
