{
  "regressor__regressor__alpha": 0.6193007931213138,
  "regressor__regressor__l1_ratio": 0.32090903695819756,
  "regressor__selector__estimator__n_clusters": 200
}