	mean	std
RMSE	3.110137824211567	1.420433449306454
pearsonr	0.6162845921116562	0.1832910344771598
