	mean	std
RMSE	563.4173077621901	1378.6612827801246
pearsonr	0.49910545214237867	0.3054952174809095
