	mean	std
RMSE	94.2514174756772	104.19706895369161
pearsonr	0.6629715221422177	0.4758906417708464
