	mean	std
RMSE	567.21470192339	1377.1564114488224
pearsonr	-0.017678741502321967	0.011651829532002986
