	mean	std
RMSE	660.8573576989029	1370.217412485029
pearsonr	0.40988656303915916	0.3748597807398878
