{
  "RMSE": 0.3091290314863082,
  "pearsonr": 0.74793101333791
}