	mean	std
RMSE	563.2898658637075	1378.6775250570442
pearsonr	0.5521922873916231	0.3177776887823429
