	mean	std
RMSE	2.8443218514002018	1.5051833776132522
pearsonr	0.6989325932522542	0.19124122630885376
