	mean	std
RMSE	574.4867841433683	1373.7917961686662
pearsonr	0.436889737435823	0.2554749056035061
