	mean	std
RMSE	662.3530089415376	1369.0127959943156
pearsonr	0.3324549798771549	0.3342110975485007
