	mean	std
RMSE	966578269.2080611	2557325473.5145984
pearsonr	0.5142715061153763	0.46437083867323986
