	mean	std
RMSE	3.157543893607977	1.3979600781090686
pearsonr	0.6213605910389054	0.18352568411298392
