{
  "RMSE": 1.1380225509732897,
  "pearsonr": 0.6010263691614781
}