	mean	std
RMSE	79.89041275572421	107.54439108343033
pearsonr	0.9926655701318363	0.01358002325874513
