	mean	std
RMSE	3.1052769543795873	1.4271983329607858
pearsonr	0.6116221879594567	0.20297885129128884
