	mean	std
RMSE	626.1090169449963	1346.568184636155
pearsonr	0.35607069742482284	0.28571627209189676
