	mean	std
RMSE	93.19058173897281	102.24180807547766
pearsonr	0.45570904214474434	0.5144218103901611
