	mean	std
RMSE	3.0621900822243546	1.4496890849334305
pearsonr	0.6355080088549252	0.2001795543031229
