	RMSE	pearsonr
0	27753.386340403114	0.21195608550887585
1	226.31338961303342	0.8660017943326751
2	2.4448885652597285	0.12529013824811525
3	179.69690461249675	0.8568762923131816
4	0.32098594858348145	0.0446452454804223
