	mean	std
RMSE	863.8789243903908	2037.5742219651402
pearsonr	0.20957304690421175	
