	mean	std
RMSE	570.8193453507349	1375.5889748726477
pearsonr	0.22016865982265335	0.3164653594662068
