	mean	std
RMSE	563.7391008641957	1378.4912576659242
pearsonr	0.5359734308540228	0.2809515089495564
