	mean	std
RMSE	563.7929419658084	1378.47053833388
pearsonr	0.5333817836349046	0.28059209552929865
