	mean	std
RMSE	568.692795295208	1376.2607307818473
pearsonr	0.22298554358700673	0.22508795035043686
