	mean	std
RMSE	2.9822042747853255	1.5746124427123418
pearsonr	0.6791903248017811	0.20489118832109574
