	mean	std
RMSE	3.1040087443167366	1.3834210734455257
pearsonr	0.6538235721484842	0.17306968635593262
