	mean	std
RMSE	3.060211181640625	1.5375382900238037
pearsonr	0.627478080302562	0.19081677559985047
