	mean	std
RMSE	563.5001437719707	1378.5409389832712
pearsonr	0.5370505782605833	0.29987747128747705
