	mean	std
RMSE	563.1847095203142	1378.807326340821
pearsonr	0.476259418481262	0.26449259977352263
