	mean	std
RMSE	561.8275394422446	1379.3853146598008
pearsonr	0.561340828768139	0.32219653294802025
