	mean	std
RMSE	49959073382.37617	132179283651.03996
pearsonr	0.5436117079138005	0.4356379428466471
