	mean	std
RMSE	7.674641315763881	9.655322653813855
pearsonr	0.43020195368512926	0.25880607742772826
