	mean	std
RMSE	3.1518048374282306	1.5148424229985926
pearsonr	0.6514903949961661	0.20546816769431528
