	mean	std
RMSE	626.8139352384712	1346.5048286221331
pearsonr	0.2959703990434445	0.3086585224584452
