	mean	std
RMSE	562.9182478151567	1379.0375996214175
pearsonr	0.4694002213928678	0.34643464697166637
