	mean	std
RMSE	621.0771606061902	1348.7962354487663
pearsonr	0.349244077263375	0.3480469296200191
