	mean	std
RMSE	86.3353263678367	101.39097540716716
pearsonr	0.47522029996789905	0.4964853310567221
