	mean	std
RMSE	84.48780863628168	98.35231848397338
pearsonr	0.7365229008795257	0.4563533969049402
