	mean	std
RMSE	3.221378370519208	1.1460099924379163
pearsonr	0.6290682988108701	0.20789070267546683
