	mean	std
RMSE	3.0952019568882063	1.3843119915562592
pearsonr	0.6546252890390937	0.17440834231503166
