{
  "RMSE": 0.6611484282469964,
  "pearsonr": 0.5725806349158926
}