	mean	std
RMSE	1153818664.9085896	2580016727.2763467
pearsonr	0.22760236805387699	0.18455059712639407
