	mean	std
RMSE	562.2123953346662	1379.3969722203667
pearsonr	0.43452134996378283	0.4253735269972384
