	mean	std
RMSE	1282.8955553226203	3146.2027762688426
pearsonr	0.44866668870711085	0.49644222857813763
