	mean	std
RMSE	2.994080598828808	1.4366498685323559
pearsonr	0.6530689880781931	0.1791210466045669
