	mean	std
RMSE	566.358916576354	1377.3938355646872
pearsonr	0.4258875109607235	0.2911401748719888
