	mean	std
RMSE	3.1190707683563232	1.3699936866760254
pearsonr	0.6073489731086504	0.1656684195029306
