	mean	std
RMSE	625.1200778212954	1347.3177259500821
pearsonr	0.3243752892598331	0.2467283621465163
