	mean	std
RMSE	2.849068034280449	1.4985085794564277
pearsonr	0.690827400597845	0.18892017955185486
