	mean	std
RMSE	3.191434144973755	1.3654377460479736
pearsonr	0.5897065743120403	0.1547706430119975
