{
  "RMSE": 0.3869423828168783,
  "pearsonr": 0.795719607952186
}