{
  "RMSE": 0.5488752174054169,
  "pearsonr": 0.5830935634422177
}