	mean	std
RMSE	2335.2000906484054	5928.69230544811
pearsonr	0.4001181887366322	0.44004924250210226
