{
  "regressor__regressor__alpha": 0.7091830501837787,
  "regressor__regressor__l1_ratio": 0.6193007931213138
}