	mean	std
RMSE	3.124778923337994	1.378094518116441
pearsonr	0.6445977374098889	0.17331658225687274
