	mean	std
RMSE	562.3914935972779	1379.1476458921231
pearsonr	0.5776339772481213	0.30371364008189755
