	mean	std
RMSE	625.4317039479398	1346.8012795777263
pearsonr	0.3602675449711806	0.2912145168781748
