	mean	std
RMSE	3.0307527951793185	1.4252552243677594
pearsonr	0.6572112292923084	0.18093869808053342
