	mean	std
RMSE	3.0583849204301123	1.4115413943520037
pearsonr	0.637538720171617	0.18462700613279734
