	mean	std
RMSE	3.0088161709918237	1.2358379377005857
pearsonr	0.6693269057571781	0.2096859944154736
