	mean	std
RMSE	86.49702545517218	102.81691472433108
pearsonr	0.7365229008795254	0.4563533969049399
