	mean	std
RMSE	2.96901779187663	1.4369594540813586
pearsonr	0.6768281787258538	0.18617147515003493
