	mean	std
RMSE	653.1666362692171	1339.0139065867093
pearsonr	0.1639281798851989	0.14072333301310883
