	mean	std
RMSE	82.8876719344893	109.16679893982604
pearsonr	0.6422986738303142	0.16751916926426041
