	mean	std
RMSE	567.1066880327012	1377.165538316679
pearsonr	-0.0036061418665398717	
