	mean	std
RMSE	562.3895874023438	1378.6734619140625
pearsonr	0.468013821358578	0.26991852213802575
