	mean	std
RMSE	101.22954559326172	105.72935485839844
pearsonr	0.35469611048264993	0.40724981116592884
